Source;Nom;Latitude;Longitude;Syst Géo;Profondeur / Intérêt;Localisation
Bateau;JOSE ILLUECA;42N28,110;3E11,580;WGS 84;;Port Vendres
LIVRE;JOSE ILLUECA;42N28,110;3E11,587;WGS 84;80;Port Vendres
LIVRE;ROLAND ISABELLE;42N28,590;3E09,979;WGS 84;;Port Vendres
Bateau;;42N28,800;3E09,450;WGS 84;;Port Vendres
Bateau;SAINT LUCIEN;42N31,190;3E08,570;WGS 84;;Port Vendres
Bateau;;42N31,300;3E08,040;WGS 84;;Port Vendres
Vérifié;SAUMUR;42N31,540;3E08,050;WGS 84;42;Port Vendres
Bateau;ASTRÉE;42N31,710;3E08,020;WGS 84;43;Port Vendres
CERES;B 17;42N34,252;8E45,724;WGS 84;;Corse
LIVRE;ALICE ROBERT;42N35,360;3E07,580;WGS 84;;Port Vendres
Vérifié;ALICE ROBERT;42N35,386;3E07,810;WGS 84;49 / 3;Port Vendres
Vérifié;PROSPER SCHIAFFINO (DONATOR);42N59,587;6E16,422;WGS 84;50 / 3;Giens
Vérifié;LE SAGONA (LE GREC);42N59,625;6E16,707;WGS 84;50 / 3;Giens
Livre JONCHERAY;Bateau pêche;43N00,608;6E07,460;WGS 84;;Giens
Livre JONCHERAY;VILLE DE GRASSE (Avant);43N00,623;6E08,465;WGS 84;50 / 1;Giens
Internet Perso;VILLE DE GRASSE (Arrière);43N00,654;6E08,456;WGS 84;50 / 3;Giens
Vérifié;MICHEL C;43N00,707;6E08,441;WGS 84;36 / 2;Giens
SCUBAXPEDIA; LA TANTINE (Barge aux congres);43N01,237;6E21,517;WGS 84;48;Giens
Livre JONCHERAY;LA TANTINE (Barge congres);43N01,241;6E21,512;WGS 84;48;Giens
Pts Yannick;SALLY OF NEW YORK;43N01,462;6E04,869;WGS 84;85;Giens
Livre JONCHERAY;TORPILLEUR 134;43N01,526;6E05,507;ED 50;67 / 2;Giens
Vérifié;Avion MUSTANG (P 51);43N02,175;6E04,704;WGS 84;55 /1;Giens
Livre JONCHERAY;LE MARCEL;43N02,321;6E13,960;WGS 84;31;Giens
Vérifié;DORNIER 24T;43N02,548;6E24,504;WGS 84;94 / 3;Lavandou
Livre JONCHERAY;LA PUISSANTE;43N02,801;6E28,169;WGS 84;15;Le Levant
Livre JONCHERAY;L'ARROYO;43N02,872;5E52,180;WGS 84;18 à 36;Toulon
Internet Perso;LA PUISSANTE;43N02,900;6E28,200;;15;Le Levant
Livre JONCHERAY;LE GUYANE;43N03,131;6E00,784;ED 50;85 à 102;Toulon
Livre JONCHERAY;LE VENUS DES ÎLES II;43N03,152;6E01,494;WGS 84;84;Carqueiranne
Livre JONCHERAY;LE GAPEAU;43N03,335;5E47,487;ED 50;71;La Ciotat
Livre JONCHERAY;LA MAJOR (Barge);43N03,447;5E45,685;ED 50;93;La Ciotat
OCEANS;LE MONA;43N03,526;5E48,590;WGS 84;34;Sanary
Livre JONCHERAY;LE MONA;43N03,526;5E48,590;WGS 84;34;Sanary
Livre JONCHERAY;SUPER MYSTERE B2 (Avion);43N03,598;5E56,596;WGS 84;48;Toulon
Livre JONCHERAY;RED FLASH;43N03,607;6E03,101;WGS 84;61;Carqueiranne
Vérifié;LE HEINKELL 111 (Avion);43N03,645;6E00,502;WGS 84;84;Carqueiranne
Vérifié;LE HEINKELL 111 (Avion) 2;43N03,647;6E00,486;WGS 84;84;Carqueiranne
Livre JONCHERAY;DORNIER 24         Avant;43N03,659;5E53,955;WGS 84;42;Toulon
Livre JONCHERAY;TORPILLEUR 207 ou ETOILE;43N03,695;6E00,598;ED 50;84;Toulon
Livre JONCHERAY;DORNIER 24         Arrière;43N03,703;5E53,977;WGS 84;44;Toulon
Vérifié;LE FERRANDO;43N03,774;6E13,570;WGS 84;31 / 2;Giens
Livre JONCHERAY;LE TROMBLON;43N03,807;5E54,309;WGS 84;27;Toulon
Livre JONCHERAY;LE PHOEBUS;43N03,900;5E20,106;ED 50;81;La Ciotat
Internet;PROTEE;43N04,260;5E32,230;WGS 84;127;La Ciotat
Livre JONCHERAY;PROTEE;43N04,260;5E32,230;WGS 84;127;La Ciotat
Livre JONCHERAY;L'ARIANE;43N04,299;5E57,223;WGS 84;18;Toulon
Livre JONCHERAY;GLENN MARTIN (Avion);43N04,822;6E00,465;WGS 84;45;Carqueiranne
Livre JONCHERAY;LE PANAMA;43N05,068;5E58,888;ED 50;53;Toulon
Livre JONCHERAY;NATAL;43N05,590;5E17,390;WGS 84;116 à 127;Marseille
Internet;NATAL;43N05,590;5E17,390;WGS 84;116 à 127;Marseille
Livre JONCHERAY;Avion WILDCAT;43N06,210;6E23,947;WGS 84;52;Carqueiranne
OCEANS;Avion WILDCAT;43N06,210;6E23,974;WGS 84;52;Carqueiranne
Internet Perso;LE SPAHIS;43N06,420;6E24,280;;22;
Livre JONCHERAY;UJ 6078 (Ex La Havraise)   2;43N07,745;5E34,420;ED 50;97;Cassis
Livre JONCHERAY;UJ 6078 (Ex La Havraise)   1;43N07,796;5E34,467;ED 50;97;Cassis
Livre JONCHERAY;Bananier;43N07,796;5E34,467;ED 50;96;Ciotat
OCEANS;Avion HELLCAT;43N08,550;6E27,470;ED 50;57;
Livre JONCHERAY;Avion HELLCAT;43N08,750;6E27,472;ED 50;57;Cavalaire
Livre JONCHERAY;JUNKERS 88;43N09,351;5E33,199;ED 50;72 / 2;Cassis
Vérifié;LE PROPHETE;43N09,464;6E37,704;WGS 84;34 / 2;Cavalaire
Vérifié;LE TRAFIK;43N09,465;6E40,035;WGS 84;56 / 3;Cavalaire
Vérifié;LES 3 FRERES;43N09,468;6E36,738;WGS 84;37 / 1;Cavalaire
Vérifié;L'ESPINGOLE;43N09,682;6E36,254;WGS 84;38 / 3;Cavalaire
Livre JONCHERAY;LE DIAMANT NOIR;43N09,776;6E36,442;WGS 84;30;Cavalaire
Vérifié;TOGO Arrière;43N10,003;6E35,558;WGS 84;67;Cavalaire
Livre JONCHERAY;P38 LIGHTNING;43N10,068;5E40,180;WGS 84;c;La Ciotat
Vérifié;VILLE DE VALENCE dit LE TOGO;43N10,081;6E35,554;WGS 84;56 / 3;Cavalaire
Vérifié;TORPILLEUR 178 ou LAS;43N10,168;6E35,648;WGS 84;46 / 2;Cavalaire
Livre JONCHERAY;Chalutier et ancres;43N10,190;5E38,204;WGS 84;44;La Ciotat
Livre JONCHERAY;RAMON MEUMBRU;43N10,422;6E32,565;WGS 84;22;Cavalaire
Livre JONCHERAY;LE FORTIER;43N10,474;5E39,153;WGS 84;34;La Ciotat
Livre JONCHERAY;LA Vedette VTB 7;43N10,555;6E39,878;WGS 84;52 / 2;Cavalaire
Vérifié;LA POURSUIVANTE;43N10,980;6E40,769;WGS 84;58;Cavalaire
Livre JONCHERAY;GHRIB;43N11,079;5E27,559;WGS 84;90;Morgiou
Livre JONCHERAY;GUARANI;43N11,149;5E25,061;ED 50;85;Cassis
Vérifié;RUBIS;43N11,301;6E42,038;WGS 84;40 / 3;Cavalaire
Vérifié;CHAOUEN;43N11,921;5E13,734;WGS 84;30 / 3;Marseille
Vérifié;DALTON;43N12,000;5E13,844;WGS 84;;Marseille
Vérifié;MESSERSCHMITT 109;43N12,008;5E13,784;WGS 84;45 / 3;Marseille
Internet Perso;LE TELL;43N12,010;6E41,370;;;
Livre JONCHERAY;LATECOERE 298;43N12,078;5E13,764;WGS 84;60 / 3;Marseille
Vérifié;LIBAN;43N12,378;5E20,183;WGS 84;30 / 3;Marseille
Livre JONCHERAY;REINE DES FLOTS;43N12,693;5E18,189;WGS 84;66 / 1;Marseille
Vérifié;KER BIHAN;43N13,822;5E19,003;WGS 84;56 / 3;Marseille
Vérifié;DROME;43N13,829;5E19,189;WGS 84;53 / 3;Marseille
Vérifié;MIQUELON;43N14,218;5E18,830;WGS 84;53 / 3;Marseille
Livre JONCHERAY;Vedette plastique;43N14,968;5E19,773;WGS 84;37 / 1;Marseille
Vérifié;NOVI;43N16,176;5E19,676;WGS 84;35 / 2;Marseille
Livre JONCHERAY;LE TLALOC;43N16,291;6E44,331;ED 50;38 /;Cavalaire
Vérifié;JUNKER 88;43N16,480;5E17,200;WGS 84;50 / 2;Marseille
Livre JONCHERAY;JUNKER 88;43N16,486;5E17,201;WGS 84;53 /;Marseille
Livre JONCHERAY;LE DANAE;43N16,615;6E38,959;WGS 84;27 /;St Tropez
Livre JONCHERAY;LE RELAX;43N16,728;6E39,029;WGS 84;34 / ;St Tropez
Livre JONCHERAY;L'IDEAL;43N16,803;6E38,884;WGS 84;34 / ;St Tropez
Livre JONCHERAY;ANAIS-C;43N17,509;5E13,985;ED 50;80 / ;Marseille
Livre JONCHERAY;GUADAIRA;43N17,823;5E11,740;ED 50;73 / ;Marseille
Vérifié;SAN DOMINICO;43N18,612;5E20,809;WGS 84;33 / 3;Marseille
Livre JONCHERAY;La Pigoullière;43N19,024;5E20,106;ED 50;54 / 2;Marseille
Livre JONCHERAY;ULYSSE III;43N19,050;5E02,060;ED 50;33 / 2;Marseille
OCEANS;ULYSSE III;43N19,050;5E02,060;ED 50;;
Vérifié;PETIT SAN DO;43N19,355;5E19,286;WGS 84;61 / 3;Marseille
Livre JONCHERAY;Z DRIVE;43N19,920;6E41,444;WGS 84;66;St Tropez
Livre JONCHERAY;SAMSON;43N20,487;4E56,321;ED 50;40 / 2;Marseille
OCEANS;B 24;43N25,192;6E52,070;WGS 84;;
OCEANS;Avion BEECHCRAFT BARON;43N29,150;6E57,721;WGS 84;67 / ;Théoule s/ Mer
OCEANS;OFFSHORE;43N30,423;7E01,764;WGS 84;41 / ;
FORUM EPAVES;L'AIGLON;43N31,529;1W36,738;;;Biarritz
OCEANS;CRUZ SEGONDO;43N31,542;1W36,952;ED 50;;
FORUM EPAVES;CRUZ SEGONDO;43N31,548;1W36,948;;;Biarritz
OCEANS;Avion T 6;43N31,816;7E01,430;WGS 84;41 / ;
OCEANS;SILVER WINGS;43N34,933;7E08,888;WGS 84;66 / ;Antibes
FORUM EPAVES;L'ANJOU;43N35,297;1W31,998;;;Biarritz
OCTOPUS;TARANTINI;45N30,102;1W22,839;ED 50;;
FORUM EPAVES;TARANTINI;45N30,129;1W22,808;WGS 84;;
1001 bulles;Galiote;45N50,640;1W26,429;WGS 84;;Oléron-Ré
Rochefort;JEAN SEBASTIEN;45N52,348;1W22,972;WGS 84;;Oléron
1001 bulles;JEAN SEBASTIEN;45N52,407;1W22,875;WGS 84;23;Oléron-Ré
1001 bulles;3 MATS;45N52,485;1W30,045;WGS 84;29;Oléron-Ré
Rochefort;CHEF MALIERE;45N53,262;1W28,971;WGS 84;;Oléron
1001 bulles;CHEFMALIERE;45N53,316;1W28,868;WGS 84;;Oléron-Ré
Rochefort;3 MATS;45N53,540;1W29,960;WGS 84;;Oléron
Rochefort;3 MATS;45N53,540;1W30,059;WGS 84;;Oléron
1001 bulles;Péniche;45N54,573;1W24,327;WGS 84;;Oléron-Ré
Rochefort;BIROIRE;45N54,758;1W23,346;WGS 84;;Oléron
SCY;HELGOY;45N54,808;1W38,986;ED 50;;
LIVRE HÉNAFF;HELGOY;45N54,808;1W38,986;ED 50;43;Oléron-Ré
1001 bulles;VAPEUR DU RECOIN;45N56,260;1W29,585;WGS 84;26;Oléron-Ré
Vérifié;VAPEUR DU RECOIN;45N56,330;1W29,486;WGS 84;25 / 3;Oléron
Rochefort;grandes grottes;45N56,408;1W24,486;WGS 84;;Oléron
Rochefort;petites grottes;45N56,436;1W24,076;WGS 84;;Oléron
Rochefort;ARBRE DU MARAIS;45N56,659;1W26,996;WGS 84;;Oléron
Vérifié;Roches - Galeries Oléron;45N56,720;1W26,910;WGS 84;;Oléron-Ré
1001 bulles;L'Etriaud des Vergnes;45N56,725;1W24,060;WGS 84;10;Oléron-Ré
SCY;VIVINA;45N57,972;1W38,342;ED 50;;Oléron-Ré
LIVRE HÉNAFF;VIVINA;45N57,972;1W38,342;ED 50;41;Oléron-Ré
1001 bulles;Le Diesel ( Le deux hélices);45N58,827;1W29,661;WGS 84;26;Oléron-Ré
;VILLE DE DIEPPE;45N59,301;1W52,531;ED 50;52;Oléron-Ré
LIVRE HÉNAFF;VILLE DE DIEPPE;45N59,301;1W52,531;ED 50;52;Oléron-Ré
1001 bulles;Vapeur à Loulou ( Mavis );45N59,527;1W26,975;WGS 84;19;Oléron-Ré
Bateau;;45N59,570;1W25,200;WGS 84;;Oléron
SHOM;TARAPACA II;45N59,938;3W00,079;ED 50;110;Sables d'Olonne
1001 bulles;Roudoudou ( Henri );45N59,966;1W27,292;WGS 84;19;Oléron-Ré
Rochefort;tête de la ferme;46N00,485;1W27,278;WGS 84;;
Bateau;;46N03,280;1W30,570;WGS 84;;Oléron-Ré
Bateau;;46N03,550;1W25,100;WGS 84;;Oléron-Ré
LIVRE HÉNAFF;Barge;46N04,272;2W05,251;ED 50;60;Ré
SCY;CARONI;46N04,491;1W48,598;ED 50;;
LIVRE HÉNAFF;CARONI;46N04,491;1W48,598;ED 50;44;Oléron-Ré
LIVRE HÉNAFF;BAYO;46N04,581;2W04,448;ED 50;59;Sables d'Olonne
LIVRE HÉNAFF;TARAPACA II;46N04,642;2W49,824;ED 50;110;Sables d'Olonne
LIVRE HÉNAFF;COQUIMBO;46N05;2W10;ED 50;66;Ré
Vérifié;SAUERLAND;46N05,530;1W42,241;WGS 84;40 / 3;Oléron-Ré
LIVRE HÉNAFF;MICHEL;46N05,590;1W21,780;ED 50;41;Oléron-Ré
SCUBAXPEDIA;ATALANTE;46N05,730;1W14,659;WGS 84;;La Rochelle
LIVRE HÉNAFF;M 4204;46N05,770;1W41,758;ED 50;34;Oléron-Ré
Bateau;;46N05,990;1W25,470;WGS 84;;Oléron-Ré
Vérifié;AVRA;46N05,991;1W25,491;WGS 84;25 / 2;Oléron-Ré
;CANDHIS;46N06,437;1W35,205;WGS 84;;
SCY;U 263;46N06,437;1W35,205;ED 50;;Oléron-Ré
LIVRE HÉNAFF;U 263;46N06,453;1W35,190;ED 50;24;Oléron-Ré
OCEANS;U263;46N06,455;1W35,190;ED 50;;Oléron-Ré
Bateau;;46N06,880;1W21,400;WGS 84;;Oléron-Ré
SCUBAXPEDIA;CAP NORD;46N06,886;1W21,405;WGS 84;;
LIVRE HÉNAFF;CAPENOR;46N06,950;1W21,240;ED 50;45;Oléron-Ré
SCY;CORNELIS (Remorqueur);46N08,229;1W41,958;ED 50;;
LIVRE HÉNAFF;CORNELIS;46N08,229;1W41,958;ED 50;31;Ré
;U 667;46N09,4xx;1W15,6xx;;;
LIVRE HÉNAFF;NAUTILUS;46N10,998;1W32,641;ED 50;16;Oléron-Ré
OCEANS;CALIFORNIAN;46N14,110;2W12,100;ED 50;;
SCY;CALIFORNIAN;46N14,112;2W12,098;ED 50;;
LIVRE HÉNAFF;CALIFORNIAN;46N14,112;2W12,098;ED 50;44;Sables d'Olonne
SCY;NIOBE;46N14,421;1W48,725;ED 50;38;Ré
LIVRE HÉNAFF;NIOBE;46N14,421;1W48,725;ED 50;38;Ré
SCY;MARKLAND;46N14,630;1W41,340;ED 50;;
LIVRE HÉNAFF;MARKLAND;46N14,702;1W41,328;ED 50;27;Ré
WRECK.FR;CALIFORNIAN;46N14,998;2W13,007;WGS 84;;
SCY;ALLIE;46N15,827;1W46,542;ED 50;;
LIVRE HÉNAFF;ALLIE;46N15,827;1W46,542;ED 50;32;Ré
SCY;AFRIQUE;46N16,371;2W14,428;ED 50;;
SCY;AFRIQUE;46N16,385;2W14,443;ED 50;;
LIVRE HÉNAFF;AFRIQUE;46N16,385;2W14,443;ED 50;46 / 3;Sables d'Olonne
Internet Perso;AFRIQUE;46N16,415;2W14,520;WGS 84;;
GRIEME;AFRIQUE;46N16,475;2W14,430;ED 50;;
SCY;GIRDA;46N21,250;1W45,591;ED 50;;
LIVRE HÉNAFF;GIRDA;46N21,250;1W45,591;ED 50;25;Sables d'Olonne
SCY;CIMCON (Alizee);46N23,857;2W00,601;ED 50;;
LIVRE HÉNAFF;CIMCOUR;46N23,857;2W00,601;ED 50;37;Sables d'Olonne
LIVRE HÉNAFF;Barge;46N25,029;2W01,053;ED 50;37;Sables d'Olonne
LIVRE HÉNAFF;FREDERIC MOREL;46N25,439;2W03,332;ED 50;39;Sables d'Olonne
SCY;FREDERIC MOREL (Bachi);46N25,440;2W03,332;ED 50;;
OCEANS;ANGLO PATAGONIAN;46N26,620;2W12,230;ED 50;;
SCY;ANGLO PATAGONIAN;46N26,622;2W12,230;ED 50;;
LIVRE HÉNAFF;ANGLO-PATAGONIAN;46N26,622;2W12,230;ED 50;45;Sables d'Olonne
SCY;ASIE (Drague);46N27,751;2W24,724;ED 50;;
LIVRE HÉNAFF;AZIE;46N27,797;2W24,700;ED 50;60;Sables d'Olonne
SCY;BACHI (Chaddi);46N28,128;1W56,064;ED 50;;
LIVRE HÉNAFF;BACHI;46N28,128;1W56,064;ED 50;35;Sables d'Olonne
LIVRE HÉNAFF;MICHELLE ALAIN;46N28,258;1W48,707;ED 50;20;Sables d'Olonne
SCY;MICHELLE ALAIN;46N28,270;1W48,700;ED 50;;
LIVRE HÉNAFF;COEUR VENDEEN;46N28,279;1W48,673;ED 50;20;Sables d'Olonne
SCY;CŒUR VENDEEN;46N28,292;1W48,677;ED 50;;
LIVRE HÉNAFF;Aviso SG3;46N29,135;1W47,050;ED 50;16;Sables d'Olonne
SCY;AVISO SG-3;46N29,138;1W47,050;ED 50;;
LIVRE HÉNAFF;JEAN MARTHE;46N29,417;1W47,238;ED 50;8;Sables d'Olonne
LIVRE HÉNAFF;WAKIVA II (?);46N31,011;2W25,495;ED 50;;Sables d'Olonne
SCY;POUTON BIQUE;46N31,564;2W10,979;ED 50;;
LIVRE HÉNAFF;ARMOR 150;46N31,564;2W10,979;ED 50;42;Sables d'Olonne
SCY;JOHN GRIFFITH MC CULLOUGH;46N32,274;2W16,583;ED 50;;
LIVRE HÉNAFF;JOHN G MC CULLOUGH;46N32,274;2W16,583;ED 50;49;Yeu
LIVRE HÉNAFF;ERETRIA;46N34,243;2W35,087;ED 50;68;Sables d'Olonne
SCY;MARY;46N35,659;2W04,080;ED 50;;
LIVRE HÉNAFF;MARY;46N35,659;2W04,080;ED 50;34;St Gilles
LIVRE;SEQUANA;46N36,650;2W18,370;WGS 84;;
SCY;SEQUANA;46N36,702;2W18,353;ED 50;;
LIVRE HÉNAFF;SEQUANA;46N36,702;2W18,353;ED 50;47;Yeu
OCEANS;SEQUANA;46N36,721;2W18,347;ED 50;;
SCY;TELLUS;46N37,143;1W53,436;ED 50;;
LIVRE HÉNAFF;SAINT ELOI;46N38,959;2W18,340;ED 50;41;Yeu
LIVRE HÉNAFF;BOA VISTA;46N39,402;2W25,534;ED 50;52;Yeu
LIVRE HÉNAFF;KATINA;46N48,069;2W33,534;ED 50;47;Yeu
;U 976;46N48,xxx;2W43,xxx;;;Yeu
LIVRE HÉNAFF;OTTO;46N49,494;2W41,396;WGS 84;56;Yeu-Noirmoutier
LIVRE HÉNAFF;U 976;46N50,528;2W40,121;ED 50;54;Yeu
LIVRE HÉNAFF;M 486;46N51,728;2W45,236;WGS 84;55;Yeu-Noirmoutier
LIVRE HÉNAFF;HOHERWEG;46N52,033;2W40,213;WGS 84;56;Yeu-Noirmoutier
LIVRE HÉNAFF;M 263;46N52,114;2W40,002;WGS 84;53;Yeu-Noirmoutier
CERES;M 263;46N52,227;2W39,118;WGS 84;;
OCEANS;SACHSENWALD;46N54,629;2W44,913;WGS 84;;
LIVRE HÉNAFF;V 414;46N54,699;2W44,817;ED 50;51;Yeu-Noirmoutier
WRECK.FR;AUBE;46N56,059;2W28,823;WGS 84;25;Noirmoutier
Vérifié;CAIRNSTRATH;47N00,571;2W29,010;WGS 84;;Noirmoutier
Vérifié;BLAMADEN;47N01,085;2W29,858;WGS 84;;Noirmoutier
NARCOSE 29;FREEDOM OF MAN;47N01,699;2W49,698;ED 50;;
Vérifié;VILLE DE ROCHEFORT;47N02,399;2W26,509;WGS 84;;Noirmoutier
OCEANS;KROMAC;47N02,526;2W22,490;WGS 84;;Noirmoutier
CDASM 56;BAIGORRY;47N03,678;2W53,963;ED 50;;
CDASM 56;;47N04,438;3W02,080;WGS 84;;
CDASM 56;;47N04,563;2W57,632;WGS 84;;
Vérifié;THERESIA;47N04,960;2W27,269;WGS 84;;Noirmoutier
WRECK.FR;ANTONIOS STATHATOS;47N05,270;2W36,730;;35;Noirmoutier
CAP INFO 98;ZAYANNA;47N05,803;3W06,879;ED 50;;
NARCOSE 29;LA 16;47N06,000;2W58,000;ED 50;;
CDASM 56;Cargo;47N06,928;2W58,839;WGS 84;;
OCEANS;CHASSEUR 107;47N06,930;2W22,424;WGS 84;;
CDASM 56;DAN;47N07,626;2W56,743;WGS 84;;
NARCOSE 29;DAN;47N07,686;2W56,661;ED 50;;
CDASM 56;;47N07,741;3W13,054;WGS 84;;
CDASM 56;ELISABETHVILLE;47N07,770;3W11,526;WGS 84;;
NARCOSE 29;ELISABETHVILLE;47N07,831;3W11,446;ED 50;;
CAP INFO 98;PETIT JEROME;47N07,910;3W57,774;ED 50;;
CDASM 56;CHANT DES SIRENES;47N07,939;2W59,080;WGS 84;;
CDASM 56;;47N07,939;3W05,080;WGS 84;;
CDASM 56;;47N08,815;3W09,795;WGS 84;;
CDASM 56;;47N08,938;3W17,080;WGS 84;;
NARCOSE 29;LANCASTRIA;47N09,089;2W20,325;ED 50;;
NARCOSE 29;CHATELIER;47N10,442;2W17,463;ED 50;;
CDASM 56;GOATHLAND;47N10,834;3W08,259;WGS 84;;
NARCOSE 29;GOATHLAND;47N10,920;3W08,160;ED 50;;
CDASM 56;;47N10,939;3W02,080;WGS 84;;
NARCOSE 29;CARLY;47N11,807;2W29,869;ED 50;;
NARCOSE 29;ASIE;47N12,121;2W15,494;ED 50;;
CDASM 56;BAVARIA;47N14,411;2W58,909;WGS 84;;
NARCOSE 29;BAVARIA (Dit PITOCHET);47N14,471;2W58,829;ED 50;;
SCUBAXPEDIA;LE LAOS;47N16,199;2W37,851;WGS 84;;
OCEANS;LE LAOS;47N16,259;2W37,770;WGS 84;;
NARCOSE 29;LE LAOS;47N16,259;2W37,770;ED 50;;
LIVRE;LE LAOS;47N16,259;2W37,790;WGS 84;;
NARCOSE 29;PRINCE DE CONTY;47N17,353;3W06,770;ED 50;;
Carte épaves Ouessant;CITY OF FRANCFORT;47N18,239;4W52,813;;;
NARCOSE 29;CITY OF FRANCFORT;47N18,299;4W52,732;ED 50;;
NARCOSE 29;VERDUN;47N18,997;5W32,001;ED 50;;
NARCOSE 29;EGLANTINE;47N18,999;2W49,998;ED 50;;
NARCOSE 29;GAI LITORAL;47N19,639;2W41,800;ED 50;;
CDASM 56;L'YSER;47N20,019;3W14,883;ED 50;;
Vérifié;KANSAN;47N20,110;3W03,005;WGS 84;;Quiberon
NARCOSE 29;ROTENF JEIL;47N20,148;3W01,166;ED 50;;
CDASM 56;LE CHARBONIER;47N20,254;2W59,386;ED 50;;
NARCOSE 29;CHARBONNIER HOEDIC;47N20,254;2W59,386;ED 50;;
Vérifié;PHILIPPE ERIC;47N21,185;3W06,392;WGS 84;;Quiberon
NARCOSE 29;CABOTEUR;47N22,064;3W06,673;ED 50;;
Vérifié;HANAN;47N22,697;3W06,049;WGS 84;;Quiberon
NARCOSE 29;BOUNTY;47N23,001;5W02,364;ED 50;;
NARCOSE 29;FLORENCE H;47N25,659;2W56,180;ED 50;;
CDASM 56;FLORENCE H;47N25,659;2W56,180;ED 50;;
NARCOSE 29;ARTIGLIO;47N25,773;2W56,197;ED 50;;
CDASM 56;ARTIGLIO;47N25,782;2W56,242;ED 50;;
Carte épaves Ouessant;THROSTLE;47N25,843;4W55,060;;;
NARCOSE 29;THROSTLE;47N25,904;4W54,986;ED 50;;
NARCOSE 29;L 128;47N26,000;3W06,000;ED 50;;
NARCOSE 29;A.N. HANSEN;47N26,177;3W05,104;ED 50;;
NARCOSE 29;KARL BECK  / CARL BECH;47N26,500;3W05,975;ED 50;;
CDASM 56;MARULIE;47N26,549;3W19,360;WGS 84;;
NARCOSE 29;VOLTAIRE;47N26,751;2W44,650;ED 50;;
NARCOSE 29;LA MONIQUE;47N27,000;3W02,000;ED 50;;
Vérifié;FRANCE;47N27,163;3W02,107;WGS 84;;Quiberon
CDASM 56;AMZER ZO;47N27,447;3W20,479;WGS 84;;
NARCOSE 29;AMZER ZO;47N27,507;3W20,397;ED 50;;
CDASM 56;LUSER;47N27,639;3W20,581;WGS 84;;
CDASM 56;SETESDAL / STANDFORD;47N27,837;3W20,496;ED 50;;
NARCOSE 29;STANDFORD;47N27,840;3W20,500;ED 50;;
NARCOSE 29;ANGERS;47N27,877;2W58,978;ED 50;;
CAP INFO 98;épave;47N28,184;4W35,772;ED 50;;
CAP INFO 98;épave;47N28,235;4W27,185;ED 50;;
NARCOSE 29;BON SONGE;47N28,560;3W26,631;ED 50;;
NARCOSE 29;BON SONGE;47N28,560;3W26,631;;65 / ;Groix-Belle Ile
NARCOSE 29;BOURBAKI;47N29,000;3W25,000;ED 50;;
CAP INFO 98;AMOUR DU MARIN;47N29,652;4W48,611;ED 50;;
NARCOSE 29;BAYUDE;47N30,000;4W00,000;ED 50;;
CDASM 56;DAVID (Caseyeur);47N30,375;3W17,368;WGS 84;;
CAP INFO 98;épave;47N30,382;4W30,447;ED 50;;
NARCOSE 29;DAVID;47N30,430;3W17,288;ED 50;;
Vérifié;NANN SMITH;47N30,540;3W13,658;WGS 84;;Quiberon
NARCOSE 29;L'AVENTURIER;47N30,800;3W26,418;ED 50;;
Vérifié;THRACIA;47N30,815;3W17,405;WGS 84;40 /3;
NARCOSE 29;THRACIA;47N30,870;3W17,325;ED 50;;
CDASM 56;THRACIA;47N30,896;3W17,324;ED 50;;
NARCOSE 29;NYLAND;47N31,137;3W12,379;ED 50;;
CAP INFO 98;épave;47N31,139;5W05,700;ED 50;;
CDASM 56;LE QUATRE;47N31,148;3W12,367;ED 50;;
NARCOSE 29;BUGALET;47N31,251;3W05,390;ED 50;;
CAP INFO 98;clipper;47N31,525;3W37,622;ED 50;;
CAP INFO 98;LA LICORNE;47N32,340;3W58,699;ED 50;;
Vérifié;PONTOPOROS;47N32,778;3W14,512;WGS 84;35 / 2;Groix
CAP INFO 98;LA LICORNE;47N32,869;3W59,325;ED 50;;
CAP INFO 98;PENMINE;47N32,896;3W57,490;ED 50;;
Mec Groix;GREC;47N32,952;3W14,245;;;
NARCOSE 29;SALAMIS;47N33,060;3W54,360;ED 50;;
CDASM 56;ENCHANTERESSE;47N33,544;2W54,862;WGS 84;;
CAP INFO 98;épave;47N34,102;4W17,185;ED 50;;
NARCOSE 29;BAYNAEN;47N34,295;3W39,558;ED 50;;
LIVRE MAURETTE;BAYNAEN;47N34,295;3W39,558;? (ED 50);;
CAP INFO 98;BAYNAEN;47N34,302;3W39,463;ED 50;;
NARCOSE 29;DISHAVAL;47N35,000;3W25,000;ED 50;;
CAP INFO 98;JABADAO;47N35,200;4W43,499;ED 50;;
NARCOSE 29;LE VENGEUR;47N35,523;3W18,767;ED 50;;
NARCOSE 29;PLM 3;47N35,600;3W27,705;ED 50;;
NARCOSE 29;BERNADETTE;47N35,852;3W47,796;ED 50;;
NARCOSE 29;NATHALIE CHANTAL;47N35,885;3W23,614;ED 50;;
CAP INFO 98;épave;47N36,192;5W07,030;ED 50;;
CAP INFO 98;épave;47N36,300;4W23,217;ED 50;;
CAP INFO 98;BISON;47N36,408;4W18,670;ED 50;;
CAP INFO 98;BISSON;47N36,499;4W18,866;ED 50;;
NARCOSE 29;RODI;47N36,522;3W25,245;ED 50;10 /;
LIVRE MAURETTE;RODI;47N36,591;3W25,782;? (ED50);;
CDASM 56;RODI;47N36,615;3W25,064;ED 50;;
CAP INFO 98;épave;47N36,800;4W02,133;ED 50;;
Vérifié;PLEIN CIEL;47N37,015;3W31,938;WGS 84;55 / 2;Groix
NARCOSE 29;KOROLLER;47N37,080;3W31,450;ED 50;;
NARCOSE 29;PASSE-PARTOUT;47N37,282;3W27,888;ED 50;;
NARCOSE 29;CORANNA;47N37,300;3W27,300;ED 50;;
CAP INFO 98;épave;47N37,314;4W20,380;ED 50;;
NARCOSE 29;SANAGA;47N37,409;3W25,807;ED 50;;
NARCOSE 29;DEUX AMIS;47N37,460;3W26,170;ED 50;;
SCUBAXPEDIA;EDOUARD DE COUGY;47N37,894;3W24,175;WGS 84;;
NARCOSE 29;EDOUARD DE COUGY ;47N37,935;3W24,176;ED 50;;
Internet Perso;EDOUARD DE COUGY;47N37,954;3W24,094;ED 50;;
LIVRE MAURETTE;EDOUARD DE COUGY;47N37,957;3W24,050;? (ED50);10 / ;
NARCOSE 29;FREIA;47N38,000;3W30,000;ED 50;;
NARCOSE 29;BIRCHGROVE;47N38,000;3W45,000;ED 50;;
NARCOSE 29;NANTES LORIENT;47N38,040;3W20,280;ED 50;;
CDASM 56;NANTES LORIENT;47N38,042;3W20,283;ED 50;;
NARCOSE 29;NADIA;47N38,177;3W17,831;ED 50;;
NARCOSE 29;ADONIS;47N38,260;3W32,340;ED 50;35 / ;
NARCOSE 29 +;EIDER 2;47N38,330;3W31,950;ED 50;;
NARCOSE 29 +;CAGANCIERO;47N38,362;3W32,162;ED 50;;
CDASM 56;CANGA;47N38,362;3W32,162;ED 50;;
CDASM 56;TOBOGAN;47N38,500;3W32,750;ED 50;;
NARCOSE 29;TOBOGAN;47N38,500;3W32,750;ED 50;;
NARCOSE 29;JEAN-PIERRE ROBERT;47N38,532;3W24,114;ED 50;;
NARCOSE 29;SOLANGE MARIE JO;47N38,580;3W32,190;ED 50;31 /;
LIVRE MAURETTE;SOLANGE MARIE JO;47N38,580;3W32,190;? (ED50);;
NARCOSE 29;MILUKA;47N38,620;3W32,798;ED 50;;
CDASM 56;MILUKA;47N38,620;3W32,800;ED 50;;
NARCOSE 29;QUO VADIS;47N38,732;3W14,511;ED 50;;
CAP INFO 98;épave;47N38,759;4W15,744;ED 50;;
CDASM 56;LE FRINGANT;47N38,799;3W32,871;ED 50;;
CDASM 56;MARGOTTE;47N38,809;3W32,911;ED 50;;
NARCOSE 29;FRINGANT;47N38,860;3W32,790;ED 50;;
NARCOSE 29;LA MARGOTTE;47N38,870;3W32,830;ED 50;;
Vérifié;LYS IMMACULE;47N38,971;3W26,426;WGS 84;22 / 1;Groix
Vérifié;FALKE (SP 134);47N39,074;3W26,560;WGS 84;25 / 3;Groix
FORUM EPAVES;;47N39,143;3W30,608;WGS 84;;Groix
NARCOSE 29;MERE MADELEINE;47N39,148;3W25,030;ED 50;;
Bateau;;47N39,170;3W26,670;WGS 84;;Groix
CDASM 56;NADELLO;47N39,230;3W33,060;ED 50;;
NARCOSE 29;NADELLO;47N39,230;3W33,060;ED 50;;
Vérifié;U 171;47N39,471;3W34,858;WGS 84;30 / 3;Groix
Vérifié;CYRANO (M 4021);47N39,514;3W29,024;WGS 84;20 / 2;Groix
Vérifié;V 709  GUIDO MOHRING;47N39,680;3W25,812;WGS 84;21 / ;Groix
Vérifié;TASSO / TAPIR;47N39,760;3W34,216;WGS 84;35 / 2;Groix
Mecs Groix;CHASSEUR 16;47N39,891;3W27,597;WGS 84;;
NARCOSE 29;CHASSEUR 16;47N39,987;3W27,520;ED 50;;
LIVRE MAURETTE;Épave;47N40,054;3W40,449;? (ED 50);57 /;
CAP INFO 98;épave;47N40,227;4W15,463;ED 50;;
Internet Perso;TY ERWIN;47N40,248;3W23,514;WGS 84;;
NARCOSE 29;TY ERWIN;47N40,254;3W23,501;ED 50;;
Internet Perso;TY ERWIN;47N40,257;3W23,565;ED 50;;
LIVRE MAURETTE;TY ERWIN;47N40,274;3W23,484;? (ED50);;
Vérifié;CHALAND;47N40,745;3W26,716;WGS 84;25 / 1;Groix
NARCOSE 29;FLEUR DE LISIEUX;47N40,799;4W05,917;ED 50;;
LIVRE MAURETTE;LOQUELTAS;47N40,913;3W25,046;? (ED50);;
Vérifié;PHILIP. K. BAUMAN;47N40,966;3W26,998;WGS 84;25 / 1;Groix
NARCOSE 29;LOQUELTAS;47N41,110;3W24,890;ED 50;;
NARCOSE 29;THURINGEN ;47N41,256;3W18,397;ED 50;;
LIVRE MAURETTE;THURINGEN ;47N41,256;3W18,397;? (ED50);;
CDASM 56;THURINGEN ;47N41,278;3W18,370;ED 50;;
SCUBAXPEDIA;Chalutier LA TANCHE;47N41,284;3W23,230;WGS 84;;
NARCOSE 29;MONT JOIE;47N41,310;3W22,914;ED 50;;
NARCOSE 29;ARAB;47N41,310;3W57,687;ED 50;;
CAP INFO 98;épave;47N41,324;4W21,572;ED 50;;
NARCOSE 29;Chalutier LA TANCHE;47N41,345;3W23,149;ED 50;;
LIVRE MAURETTE;Chalutier LA TANCHE;47N41,345;3W23,149;? (ED50);;
NARCOSE 29;FLEUR DE BRETAGNE;47N41,352;3W22,227;ED 50;;
Bateau;;47N41,360;3W26,810;WGS 84;;Groix
Vérifié;NADIA;47N41,446;3W37,170;WGS 84;40 / 3;Groix
Bateau;;47N41,470;3W37,160;WGS 84;;Groix
Vérifié;NADIA CANDELA;47N41,472;3W37,170;WGS 84;40 / 3;Groix
NARCOSE 29;EDMOND ALIX (Dit LA PAILLE);47N41,506;3W24,332;ED 50;;
LIVRE MAURETTE;GUINEVERE;47N41,522;3W24,213;? (ED50);;
Internet Perso;KEROLAY;47N41,540;3W25,100;ED 50;;
NARCOSE 29;CHIMERE;47N41,567;3W22,638;ED 50;;
NARCOSE 29;KEROLAY;47N41,573;3W24,942;ED 50;;
LIVRE MAURETTE;KEROLAY;47N41,573;3W24,942;? (ED50);/ 2;
NARCOSE 29;GRAAFUSIAK;47N41,585;3W22,186;ED 50;;
NARCOSE 29;U 526;47N41,624;3W23,688;ED 50;;
NARCOSE 29;GUINEVERE;47N41,776;3W24,447;ED 50;;
NARCOSE 29;SATURN;47N41,866;3W23,554;ED 50;;
CAP INFO 98;J D'ARC;47N41,950;4W23,411;ED 50;;
NARCOSE 29;RONALD;47N42,092;3W51,800;ED 50;;
LIVRE MAURETTE;Chaland;47N42,163;3W17,325;? (ED50);;
NARCOSE 29;Petit chaland;47N42,163;3W31,883;ED 50;;
NARCOSE 29;CAP NOIR;47N42,174;3W59,485;ED 50;;
Bateau;;47N42,290;3W28,200;WGS 84;;Groix
ASEB;LA GARONNE;47N42,326;4W03,496;;;
LIVRE MAURETTE;RONALD;47N42,413;3W52,411;? (ED50);;
NARCOSE 29;DEVASTATION;47N42,419;3W22,647;ED 50;;
Bateau;;47N42,470;3W40,920;WGS 84;;Groix
LIVRE MAURETTE;PHILOMEL;47N42,513;3W40,846;? (ED50);40/ ;
FORUM EPAVES;PHILOMEL;47N42,513;3W40,846;ED 50;;
CDASM 56;PHILOMEL;47N42,513;3W40,846;ED 50;;
ASEB;L'ADOUR;47N42,529;4W01,653;;;
NARCOSE 29;ADOUR;47N42,529;4W01,655;ED 50;;
NARCOSE 29;PHILOMEL;47N42,531;3W40,865;ED 50;;
CDASM 56;U 256;47N42,763;3W21,910;ED 50;;
NARCOSE 29;CITY OF TAMPICO;47N43,027;4W18,877;ED 50;;
NARCOSE 29;DRADE;47N43,027;4W29,876;ED 50;;
NARCOSE 29;PADRE MAZERANO;47N43,029;3W47,889;ED 50;;
NARCOSE 29;BONGE;47N43,385;4W03,467;ED 50;;
CDASM 56;VIDAR;47N43,431;3W45,405;ED 50;;
NARCOSE 29;ISERE;47N43,522;3W21,117;ED 50;;
LIVRE MAURETTE;ISERE;47N43,522;3W21,117;? (ED 50);;
CAP INFO 98;épave;47N43,580;4W30,600;ED 50;;
NARCOSE 29;STRASBOURG;47N43,584;3W22,048;ED 50;;
LIVRE MAURETTE;STRASBOURG;47N43,585;3W22,057;? (ED50);;
NARCOSE 29;CRAPAUD;47N43,623;3W22,116;ED 50;;
ASEB;WAR CAPTAIN;47N43,716;4W03,562;ED 50;;
CDASM 56;WAR CAPTAIN;47N43,716;4W03,562;ED 50;;
NARCOSE 29;WAR CAPTAIN;47N43,716;4W03,562;ED 50;;
Bateau;;47N43,740;3W39,880;WGS 84;;Groix
Bateau;;47N43,770;4W03,450;WGS 84;;Glénan
NARCOSE 29;HUNDRAAGO;47N43,786;3W39,822;ED 50;;
NARCOSE 29;LE HOLLANDAIS;47N43,786;3W39,822;ED 50;;
CAP INFO 98;épave;47N43,787;4W03,576;ED 50;;
CDASM 56;HUNDRAAGO;47N43,806;3W39,802;ED 50;;
LIVRE MAURETTE;Epave;47N43,806;3W39,802;? (ED50);;
ASEB;LE MASCARET;47N43,818;4W03,682;;;
NARCOSE 29;MASCARET;47N43,833;4W03,678;ED 50;;
CAP INFO 98;PHILOMENE;47N43,838;3W39,767;ED 50;;
FORUM EPAVES;KANARIS;47N43,939;4W13,082;WGS 84;;
NARCOSE 29;KANARIS;47N44,000;4W13,000;ED 50;;
NARCOSE 29;HARRY LUCKENBAVH;47N44,027;4W26,876;ED 50;;
Bateau;;47N44,190;3W56,840;WGS 84;;Glénan
FORUM EPAVES;PIETRO ORSEOLO;47N44,215;3W56,849;WGS 84;;
ASEB;PIETRO ORSEOLO;47N44,215;3W57,170;ED 50;;
FORUM EPAVES;PIETRO ORSEOLO;47N44,215;3W57,170;ED 50;;
LIVRE MAURETTE;PIETRO ORSEOLO;47N44,215;3W57,170;ED50;;
Vérifié;JULIEN QUERE;47N44,244;3W33,180;WGS 84;20 / 2;Groix
NARCOSE 29;PIETRO ORSEOLO;47N44,247;3W56,768;ED 50;;
Bateau;;47N44,370;3W56,550;WGS 84;;
NARCOSE 29;GALAXIE;47N44,430;3W56,492;ED 50;;
ASEB;LE VIDAR;47N44,431;3W45,404;ED 50;;
NARCOSE 29;VIDAR;47N44,432;3W45,395;ED 50;;
LIVRE MAURETTE;Epave;47N44,438;3W45,393;? (ED50);;
LIVRE MAURETTE;VIDAL ?;47N44,438;3W45,393;? (ED 50);40 /;
NARCOSE 29;BREIZH;47N44,439;4W11,570;ED 50;;
LIVRE MAURETTE;GALAXIE;47N44,440;3W56,467;? (ED50);31 / ;
ASEB;GALAXIE;47N44,440;3W56,467;ED 50;;
CDASM 56;;47N44,511;3W43,240;ED 50;;
LIVRE MAURETTE;Epave;47N44,511;3W43,240;? (ED50);;
LIVRE MAURETTE;Pelleteuse;47N44,563;3W46,752;? (ED50);;
NARCOSE 29;PELLETEUSE;47N44,581;3W46,753;ED 50;;
LIVRE MAURETTE;LIBEAUDIERE;47N44,588;3W46,757;? (ED50);40 / ;
CDASM 56;LIBAUDIERE;47N44,588;3W46,757;ED 50;;
NARCOSE 29;LA LIBAUDIERE;47N44,588;3W46,757;ED 50;;
Bateau;;47N44,660;3W54,950;WGS 84;;Glénan
Bateau;;47N44,700;3W54,850;WGS 84;;Glénan
ASEB;AGNUS DEI;47N44,715;3W54,848;;;
NARCOSE 29;AGNUS DEI;47N44,715;3W54,848;ED 50;;
OCEANS;ALJA;47N44,793;4W03,567;ED 50;38;Glénan
NARCOSE 29;SAINT REMY;47N44,797;4W03,524;ED 50;;
NARCOSE 29;HENRI LECOUR;47N44,861;4W27,876;ED 50;;
NARCOSE 29;AMZER ZO;47N44,921;3W53,107;ED 50;;
NARCOSE 29;CILURNUM;47N45,027;4W29,874;ED 50;;
FORUM EPAVES;CHATEAU LAFITE;47N45,028;4W39,871;WGS 84;;
LIVRE MAURETTE;Epave;47N45,159;3W47,916;? (ED50);;
NARCOSE 29;DOMINO;47N45,243;3W59,502;ED 50;;
NARCOSE 29;CHATEAU LAFITE;47N45,351;4W39,874;ED 50;;
NARCOSE 29;AMAZONE;47N45,409;4W03,800;ED 50;;
CERES;ENEZ EUSSA;47N45,483;4W18,245;WGS 84;;
SCY;ENEZ EUSSA;47N45,483;4W18,245;ED 50;;
ASEB;L'ENEZ EUSSA II;47N45,483;4W18,245;ED 50;;
NARCOSE 29;ENEZ EUSSA;47N45,483;4W18,261;ED 50;;
NARCOSE 29;GERFAUT;47N45,799;4W19,300;ED 50;;
NARCOSE 29;ANNE DE BRETAGNE;47N45,817;4W00,031;ED 50;;
ASEB;COTE DE GRASSE II;47N45,863;4W16,827;;;
NARCOSE 29;COTE DE GRACE II;47N45,875;4W16,843;ED 50;;
Bateau;;47N46,130;4W04,630;WGS 84;;Glénan
ASEB;NOTRE DAME;47N46,202;4W04,538;;;
LIVRE MAURETTE;NOTRE DAME;47N46,202;4W04,538;? (ED50);25 / ;
NARCOSE 29;NOTRE DAME;47N46,204;4W04,545;ED 50;;
NARCOSE 29;FRANCOIS ALAIN;47N46,500;3W53,000;ED 50;;
NARCOSE 29;DOUCE FRANCE;47N47,067;3W55,590;ED 50;;
ASEB;L'HOSELAW;47N47,560;4W06,949;;;
NARCOSE 29;WAR PATROL;47N48,026;4W24,873;ED 50;;
ASEB;SAINT ISIDORE;47N48,250;3W56,950;ED 50;;
NARCOSE 29;SAINT ISIDORE;47N48,250;3W56,950;ED 50;;
NARCOSE 29;VILLE DE CAMBRAI;47N48,535;4W24,271;ED 50;;
CAP INFO 98;épave;47N48,698;4W24,940;ED 50;;
ASEB;LE NOMADE;47N49,005;4W02,809;;;
NARCOSE 29;NOMADE;47N49,066;4W02,727;ED 50;;
NARCOSE 29;DOCK DE ST GUENOLE;47N49,515;4W22,570;ED 50;;
ASEB;LE DOCK;47N49,515;4W22,570;;;
NARCOSE 29;SANT VORAND;47N50,488;4W05,247;ED 50;;
CAP INFO 98;PLM 9;47N50,520;4W22,809;ED 50;;
NARCOSE 29;PLM 9;47N50,535;4W22,950;ED 50;;
NARCOSE 29;BALEINIER (UJ 1408);47N51,260;3W55,667;ED 50;;
FORUM EPAVES;OLIVEMOOR;47N52,493;4W27,441;;;
INTERNET;MERREDIO;47N52,495;4W27,452;;50;Quibron
Bateau;;47N52,520;4W27,680;WGS 84;;Penmarc'h
CAP INFO 98;AJAX;47N52,735;4W32,126;ED 50;60;Penmarc'h
NARCOSE 29;AJAX;47N52,765;4W32,117;ED 50;60;Penmarc'h
NARCOSE 29;DICTO;47N53,026;4W59,867;ED 50;;
Bateau;;47N53,530;4W27,520;WGS 84;;Penmarc'h
ASEB;BERWIND;47N53,915;4W27,248;;38;
FORUM EPAVES;LAKE PORTAGE;47N53,916;3W54,831;;;
CAP INFO 98;épave;47N54,480;5W06,270;ED 50;;
FORUM EPAVES;AJAX;47N54,596;4W37,372;;;
Internet Forum;PARAHIBA;47N54,799;4W41,553;;;
NARCOSE 29;PARAHIBA;47N54,919;4W41,434;ED 50;;
NARCOSE 29;BERWIND;47N55,426;4W27,682;ED 50;;
ASEB; LAKE PORTAGE;47N55,532;4W27,532;;;
NARCOSE 29;GEORGIOS;47N55,749;4W26,851;ED 50;;
Archeosousmarine.net;CABO;47N55,967;5W09,949;WGS 84;90;Sein
NARCOSE 29;CISTUDE;47N58,000;6W27,000;ED 50;;
NARCOSE 29;AN AEL MAD;47N58,249;4W35,951;ED 50;;
ASEB;Chalutier MICHEL FRANCOIS;47N59,375;4W33,360;WGS 84;;
NARCOSE 29;MICHEL FRANCOIS (VP 730);47N59,435;4W32,954;ED 50;;
ANGLAIS 98;U 1055;48N00,000;6W30,000;;;
NARCOSE 29;MERS DU SUD;48N00,339;4W45,082;WGS 84;;
NARCOSE 29;BEIGNON;48N00,751;4W48,999;WGS 84;32;Pte du Raz
NARCOSE 29;CARLYLE;48N01,000;5W07,000;ED 50;;
NARCOSE 29;UNION;48N01,314;4W45,582;WGS 84;20;
Archeosousmarine.net;CERWYN;48N01,376;4W48,345;WGS 84;;Sein
NARCOSE 29;SKLERAENN;48N01,539;4W43,182;WGS 84;;Pte du Raz
NARCOSE 29;CARLOS;48N02,000;5W30,000;ED 50;;
Archeosousmarine.net;ARRATIA;48N02,853;4W55,415;WGS 84;;Sein
NARCOSE 29;ALCEDO;48N02,900;4W57,300;ED 50;;
Bateau;;48N03,050;4W46,380;WGS 84;;Pte du Raz
NARCOSE 29;SOLVEIG SKOGLAND;48N03,116;5W00,019;ED 50;;
NARCOSE 29;VALDES;48N03,426;4W57,134;ED 50;;
Archeosousmarine.net;WAR SONG;48N03,507;5W14,467;WGS 84;;Sein
NARCOSE 29;PREMIER;48N03,830;4W40,320;ED 50;;
Bateau;TRANE;48N04,230;4W45,450;WGS 84;28;Pte du Raz
NARCOSE 29;TRANE;48N04,231;4W45,450;WGS 84;28;Pte du Raz
CDASM 56;TRANE;48N04,291;4W45,367;ED 50;28;Pte du Raz
CAP INFO 98;TRANE;48N04,340;4W45,395;ED 50;28;Pte du Raz
Archeosousmarine.net;CAPITAINE MAURICE EUGENE;48N04,383;4W58,641;WGS 84;;Sein
NARCOSE 29;RAFALE;48N04,539;4W39,732;WGS 84;;Pte du Raz
NARCOSE 29;FEDERAL GEORGES;48N04,835;4W32,798;ED 50;;
NARCOSE 29;CYRUS H MAC CORMICK;48N05,000;6W28,000;ED 50;;
NARCOSE 29;BRUNO SANDRINE;48N05,939;4W56,583;WGS 84;;Pte du Raz
Archeosousmarine.net;BRUNO SANDRINE;48N05,941;4W56,584;WGS 84;66;Sein
NARCOSE 29;EGYPT;48N06,000;5W30,000;ED 50;;
INTERNET;EGYPT;48N06,568;5W29,795;WGS 84;123;
NARCOSE 29;JOHANNES CORNELIS;48N07,597;4W32,544;ED 50;;
FORUM EPAVES;MOUNT CARMEL;48N08,541;4W29,418;;;
NARCOSE 29;PERLE;48N09,180;4W24,500;ED 50;;
NARCOSE 29;CLINTONIA;48N09,199;5W43,503;ED 50;;
Vérifié;PERLE;48N09,220;4W24,740;WGS 84;/ 3;Morgat
NARCOSE 29;BOEHLEN;48N09,237;5W06,357;ED 50;;
Vérifié;CASTEL MEURE;48N09,240;4W24,640;WGS 84;/ 3;Morgat
Vérifié;MEUSE;48N09,360;4W25,322;WGS 84;/ 3;Morgat
ANGLAIS 98;U 373;48N10,000;5W31,000;;;
NARCOSE 29;VRON DIEGNA JOHANNA;48N11,342;4W28,489;ED 50;;
Bateau;;48N12,000;4W30,580;WGS 84;;Morgat
ANGLAIS 98;U 1107;48N12,000;5W42,000;;;
Carte épaves Ouessant;DEMETRIOS INGLESSIS;48N12,071;5W34,533;;;
Bateau;;48N12,160;4W28,660;WGS 84;;Morgat
Bateau;;48N12,540;4W27,150;WGS 84;;Morgat
CAP INFO 98;REINE DU LEON;48N13,254;4W39,105;ED 50;38;
NARCOSE 29;REINE DU LEON;48N13,259;4W39,140;ED 50;38;
CAP INFO 98;épave;48N13,359;5W07,156;ED 50;;
INTERNET;ISLE OF HASTINGS;48N13,991;5W07,904;WGS 84;;
NARCOSE 29;ISLE OF HASTINGS;48N14,049;5W07,822;ED 50;;
Vérifié;FOREST CASTLE;48N15,027;4W47,173;WGS 84;35 /3;Conquet
NARCOSE 29;HYDO;48N15,350;4W37,410;ED 50;;
CAP INFO 98;épave;48N15,598;5W06,423;ED 50;;
NARCOSE 29;VENUS;48N15,749;4W45,892;WGS 84;;Camaret
NARCOSE 29;ATLAS;48N15,849;4W53,402;ED 50;;
ANGLAIS 98;U 984;48N16,000;5W33,000;;;
INTERNET;ATLAS (Remorqueur);48N16,253;4W54,012;WGS 84;55;Conquet
Vérifié;KENILWORTH;48N16,872;4W48,484;WGS 84;50 / 3;Conquet
Carte épaves Ouessant;KATINGO;48N16,962;4W54,524;;;
LIVRE JOB;KATINGO;48N16,965;4W54,508;WGS 84;64 /;Conquet/Camaret
Vérifié;Épave ouest KLEBER;48N16,974;4W54,534;WGS 84;65 / 3;Conquet
Bateau;;48N16,980;4W28,660;WGS 84;;Camaret
Vérifié;KLEBER;48N17,135;4W50,508;WGS 84;45 / 3;Conquet
CAP INFO 98;Hydravion;48N17,843;4W24,703;ED 50;;
Carte épaves Ouessant;GORGONE;48N18,087;4W52,912;;;
Carte épaves Ouessant;JOANNIS CARRAS;48N18,179;4W50,722;;;
Vérifié;SWANSEA VALE;48N18,185;4W38,625;WGS 84;25 / 3;Camaret
LIVRE JOB;JOANNIS CARRAS (Hélice);48N18,186;4W50,706;WGS 84;25;Conquet/Camaret
LIVRE JOB;JOANNIS CARRAS (Chaudière);48N18,235;4W50,708;WGS 84;25;Conquet/Camaret
NARCOSE 29;JOANNIS CARRAS;48N18,239;4W50,642;ED 50;;
NARCOSE 29;GORGONE;48N18,253;4W53,000;ED 50;;
Carte épaves Ouessant;XÉNOPHON;48N18,264;4W50,748;;;
NARCOSE 29;XÉNOPHON;48N18,321;4W50,668;ED 50;;
Bateau;;48N18,340;4W50,540;WGS 84;;Conquet
Vérifié;VORPOSTENBOOT (V 713);48N18,405;4W40,166;WGS 84;30 / 3;Camaret
NARCOSE 29;BALEINIER;48N18,470;4W40,080;ED 50;;
LIVRE JOB;EMMA;48N18,598;4W48,294;WGS 84;30 /;Conquet/Camaret
NARCOSE 29;WAR BALOON;48N18,662;4W49,628;WGS 84;22;Conquet
Vérifié;EMILE ALLARD;48N18,690;4W46,493;WGS 84;25 / 3;Conquet
Vérifié;Marco Polo 3;48N18,717;4W39,584;WGS 84;25 / 1;Camaret
LIVRE JOB;XÉNOPHON;48N18,717;4W50,745;WGS 84;;Conquet/Camaret
Bateau;;48N18,720;4W39,600;WGS 84;;Camaret
LIVRE JOB;WAR BALLOON;48N18,736;4W49,703;WGS 84;25;Conquet/Camaret
FORUM EPAVES;NERO;48N18,760;4W51,974;ED 50;sur cailloux;Camaret
NARCOSE 29;NERO;48N18,766;4W51,977;ED 50;sur cailloux;Camaret
Vérifié;CANONIÈRE (Marco Polo 2);48N18,770;4W41,030;WGS 84;25 / 3;Camaret
FORUM EPAVES;V 722;48N18,777;4W41,047;WGS 84;;Berthaume
NARCOSE 29;GEORGIOS ANBATILLOS;48N18,789;5W01,566;WGS 84;60;Pte St Mathieu
FORUM EPAVES;BEUZEC;48N18,846;4W40,957;ED 50;;
Vérifié;V 724;48N18,950;4W39,008;WGS 84;30 / 3;Camaret
CAP INFO 98;FURIEUX;48N19,119;4W25,904;ED 50;;
NARCOSE 29;FURIEUX;48N19,183;4W25,829;ED 50;;
CAP INFO 98;Epave en bois;48N19,481;4W37,104;ED 50;;
Bateau;;48N19,560;4W35,050;WGS 84;;Camaret
CAP INFO 98;RIGEL;48N19,561;4W35,480;ED 50;;
Bateau;;48N19,790;4W35,450;WGS 84;;Camaret
NARCOSE 29;BRUTALE;48N19,822;4W47,217;ED 50;;
NARCOSE 29;FURIEUSE;48N19,870;4W38,450;ED 50;;
Vérifié;PENHIR;48N20,082;4W39,592;WGS 84;20 / 1;Camaret
HUG;COHOTAS;48N20,580;4W31,280;WGS 84;;
NARCOSE 29;GOBETAS;48N20,595;4W31,275;WGS 84;27;Goulet Brest
INTERNET;GOBETAS;48N20,596;4W31,274;WGS 84;;Goulet Brest
CAP INFO 98;Bois;48N20,999;4W47,499;ED 50;;
CAP INFO 98;Vapeur;48N21,115;4W55,382;ED 50;;
FORUM EPAVES;TEMBERGEN;48N21,117;4W55,382;ED 50;;
MF2 Camaret;DELLEC;48N21,206;4W33,708;WGS 84;;
MF2 Camaret;DELLEC;48N21,213;4W33,720;WGS 84;;
NARCOSE 29;DELLEC;48N21,270;4W33,640;ED 50;;
MF2 Camaret;NEVAN;48N21,277;4W33,352;WGS 84;;
MF2 Camaret;NEVAN;48N21,278;4W33,362;WGS 84;;
Carte épaves Ouessant;FLEUR DE MARIE;48N21,591
NARCOSE 29;TRIFELS;48N21,621;4W55,799;ED 50;;
FORUM;Bugalet cassé;48N21,693;4W28,474;WGS 84;;Goulet Brest
CAP INFO 98;Bugalet;48N21,750;4W28,388;ED 50;;
CAP INFO 98;Chaland;48N21,815;4W29,600;ED 50;;
Carte épaves Ouessant;JUSTIN;48N21,870;4W48,383;;;
ANGLAIS 98;U 415;48N22,000;4W29,000;;;
CAP INFO 98;chaland;48N22,108;4W30,159;ED 50;;
LIVRE JOB;VAUQUOIS;48N22,136;4W48,548;WGS 84;20 / disloqué;Conquet
NARCOSE 29;ND DU TREZIEN;48N22,505;4W47,695;ED 50;;
FORUM EPAVES;STAR OF NEW ZEALAND;48N22,783;4W59,165;ED 50;;
NARCOSE 29;STAR OF NEW ZEALAND;48N22,783;4W59,172;ED 50;;
Carte épaves Ouessant;GRONANT ROSE;48N22,939;5W02,259;;;
Carte épaves Ouessant;BAVINGTON;48N23,000;5W02,000;;;
NARCOSE 29;GRONANT ROSE;48N23,004;5W02,366;ED 50;;
CAP INFO 98;BOUNTY;48N23,200;5W02,361;ED 50;;
NARCOSE 29;PADANG;48N23,418;4W57,987;ED 50;;
NARCOSE 29;CITY OF MANCHESTER;48N23,575;4W59,244;ED 50;;
Vérifié (?);TABOGA;48N23,780;4W48,000;WGS 84;20 / 2;Conquet
LIVRE JOB;TABOGA;48N23,812;4W47,977;WGS 84;18 / 2;Conquet
NARCOSE 29;LERT;48N24,140;5W09,784;WGS 84;;Ouessant
Vérifié;LAKE BORGNE;48N24,212;4W50,033;WGS 84;30 / 3;Conquet
NARCOSE 29;SYRDAR ou SIRDAR;48N24,240;5W00,200;ED 50;;
NARCOSE 29;VAUQUOIS;48N24,290;4W49,890;ED 50;;
Vérifié;DRUMMOND CASTLE;48N25,105;5W03,487;WGS 84;58-67 / 3;Ouessant
Vérifié;EILDON;48N25,118;4W55,566;WGS 84;30 / 3;Molène
LIVRE JOB;CADIX;48N25,119;5W01,440;WGS 84;15 à 30 /;Molène
CAP INFO 98;CADIX;48N25,199;5W01,300;ED 50;;Molène
Vérifié;SARACEN;48N25,365;4W52,224;WGS 84;40-55 / 3;Conquet
Carte épaves Ouessant;MORWOOD;48N25,656;4W58,471;;;
NARCOSE 29;ARDGARTAN;48N25,749;5W08,502;ED 50;;Ouessant
Vérifié;OKAWONGO;48N25,793;5W08,604;WGS 84;50 / 3;Ouessant
Vérifié;AGHIA VARVARA;48N25,825;5W08,545;WGS 84;25 à 45 /;Ouessant
CAP INFO 98;THROSTLE;48N25,903;4W54,976;ED 50;;
CAP INFO 98;MARIA NIBBE;48N26,186;5W01,109;ED 50;;
NARCOSE 29;MARIA NIBBE;48N26,189;5W01,115;ED 50;;
NARCOSE 29;ORPHEUS;48N26,313;5W05,262;ED 50;;
CAP INFO 98;OBS;48N26,320;5W10,277;ED 50;;
Vérifié;COLOMBIAN;48N26,388;4W54,194;WGS 84;60 / 3;Conquet/Ouessant
NARCOSE 29;MUDELA;48N26,390;5W04,970;ED 50;;Ouessant
Vérifié;PETER SIF Timonerie;48N26,407;5W07,574;WGS 84;35-55 / 3;Ouessant
Vérifié;PETER SIF Etrave;48N26,416;5W07,633;WGS 84;35-55 / 3;Ouessant
Vérifié;EUROPEAN;48N26,427;5W08,187;WGS 84;70 / 3;Ouessant
CAP INFO 98;Vapeur;48N26,432;4W51,158;ED 50;;
Vérifié;EUROPEAN (écho 1 plongée);48N26,440;5W08,190;WGS 84;70 / 3;Ouessant
Carte épaves Ouessant;LABOUZ NOZ;48N26,481;4W52,484;;;
Bateau;;48N26,490;4W54,280;WGS 84;;Conquet
Vérifié;ILE D'OUESSANT;48N26,518;5W07,306;WGS 84;45 / 2;Ouessant
CAP INFO 98;LABOUZ NOZ;48N26,539;4W52,400;ED 50;;
CAP INFO 98;OBS;48N26,629;4W54,650;ED 50;;
Vérifié;VESPER;48N26,715;5W08,457;WGS 84;10 à 40 / ;Ouessant
Vérifié;NELSON;48N26,736;5W00,634;WGS 84;;Ouessant / Lanildut
Vérifié;TEUCER;48N26,760;5W08,364;WGS 84;10 à 40 / ;Ouessant
Carte épaves Ouessant;GRANGEMUIR;48N26,766;4W48,331;;;
Vérifié;CARADOC  (Minéralier);48N26,812;5W07,873;WGS 84;;Ouessant
LIVRE JOB;VOLONTA;48N26,903;5W03,917;WGS 84;10 à 20 / ;Ouessant
archeosousmarine.net;VOLONTA;48N26,912;5W03,943;;;
CAP INFO 98;VOLONTA;48N26,970;5W03,857;ED 50;8-19 /;
NARCOSE 29;VOLONTA;48N26,975;5W03,866;ED 50;;
ANGLAIS 98;U 629;48N27,000;5W47,000;;;
NARCOSE 29;MARCIA;48N27,099;5W08,700;ED 50;;
NARCOSE 29;BORNU;48N27,139;5W45,885;ED 50;;
NARCOSE 29;GEORGIOS;48N27,160;5W02,815;ED 50;;
LIVRE JOB;SAMOS;48N27,280;5W08,491;WGS 84;16 /;Ouessant
CAP INFO 98;GEORGIOS;48N27,300;5W02,800;ED 50;;
NARCOSE 29;EDILIO;48N27,304;5W02,805;ED 50;;
NARCOSE 29;RHIO;48N27,643;5W07,979;ED 50;;
NARCOSE 29;MEMLING;48N27,826;4W48,308;ED 50;;
CAP INFO 98;Aviso MEMLING;48N27,885;4W46,465;ED 50;;
CAP INFO 98;Aviso MEMLING;48N27,986;4W46,764;ED 50;;
NARCOSE 29;MARIE DUBUISSON;48N28,231;5W07,365;ED 50;;
CAP INFO 98;Chal.;48N28,249;4W50,929;ED 50;;
CAP INFO 98;Canot;48N28,300;4W56,850;ED 50;;
CAP INFO 98;Patrouilleur;48N28,354;4W57,776;ED 50;;
NARCOSE 29;RENARD;48N28,358;4W57,781;ED 50;;
CAP INFO 98;OLYMPIC-BRAVERY;48N28,419;5W06,680;ED 50;;
NARCOSE 29;INDIA;48N28,500;5W08,800;ED 50;;
FORUM EPAVES;YEMBO;48N28,714;5W02,924;WGS 84;45;Ouessant
LIVRE JOB;YEMBO;48N28,739;5W02,951;WGS 84;40 à 50 /;Ouessant
NARCOSE 29;NEREO;48N28,956;5W05,210;ED 50;;
FORUM EPAVES;NEREO;48N28,956;5W05,210;;;
CAP INFO 98;VILLE DE BUARGAS;48N29,000;4W46,166;ED 50;;
CAP INFO 98;Yacht;48N29,000;5W05,000;ED 50;;
LIVRE JOB;GLENELG;48N29,046;5W06,634;WGS 84;30 à 65 /;Ouessant
NARCOSE 29;CRESENT MAC NAB;48N29,052;5W06,735;ED 50;;
LIVRE JOB;Inconnue de Kadoran;48N29,171;5W03,663;WGS 84;60;Ouessant
NARCOSE 29;GAETE;48N29,999;5W19,003;ED 50;;
CAP INFO 98;ADOLF ANDERSEN;48N30,000;4W54,999;ED 50;;
NARCOSE 29;ADOLF ANDERSEN;48N30,000;4W55,000;ED 50;;
CAP INFO 98;ISMA;48N30,000;5W03,999;ED 50;;
Carte épaves Ouessant;U 821;48N30,767;5W10,350;;;
ANGLAIS 98;U 821;48N31,000;5W11,000;;;
NARCOSE 29;GYLLER;48N31,435;4W48,200;ED 50;;
CAP INFO 98;GYLLER;48N31,452;4W48,212;ED 50;;
ANGLAIS 98;WALENBURG;48N33,000;4W42,000;;;
CAP INFO 98;TURPEN;48N33,399;4W48,200;ED 50;;
Internet Perso;SONNIE;48N34,193;4W52,724;;;
CAP INFO 98;Goélette;48N34,999;4W56,000;ED 50;;
NARCOSE 29;LEON;48N35,120;4W44,070;ED 50;;
LIVRE JOB;ELEKTRA;48N35,165;4W43,440;WGS 84;18;Portsall
NARCOSE 29;ELEKTRA;48N35,183;4W43,668;ED 50;;
Internet Perso;ELEKTRA;48N35,184;4W43,665;WGS 84 (?);;
Internet Perso;ELEKTRA;48N35,236;4W43,340;;;
CAP INFO 98;Goélette;48N35,302;5W06,230;ED 50;;
LIVRE JOB;AMOCO CADIZ;48N35,573;4W43,065;WGS 84;8 à 32 / 3;Portsall
NARCOSE 29;AMOCO CADIZ;48N35,623;4W42,974;ED 50;;
CAP INFO 98;Grand Cargo;48N36,482;4W37,302;ED 50;;
CAP INFO 98;Chal.;48N36,999;4W35,999;ED 50;;
CAP INFO 98;MARQUIS DES ANGES;48N38,000;4W43,000;ED 50;;
CAP INFO 98;Vapeur;48N38,000;5W05,000;ED 50;;
CAP INFO 98;Vapeur;48N38,490;5W06,940;ED 50;;
LIVRE HÉNAFF;SKOG;48N38,651;2W33,405;ED 50;64;Yeu
CAP INFO 98;Vapeur;48N39,000;5W00,000;ED 50;;
OCEANS;LE MOLENE;48N39,604;2W37,809;WGS 84;;
NARCOSE 29;LAPLACE;48N39,700;2W16,400;ED 50;;St Malo
Internet Perso;LAPLACE;48N39,722;2W16,523;WGS 84;;St Malo
CERES;LAPLACE;48N39,722;2W16,523;WGS 84;;St Malo
LIVRE ST MALO;LAPLACE;48N39,780;2W16,440;ED 50;20 / ;St Malo
LIVRE ST MALO;ELEMORE;48N39,936;2W04,989;ED 50;10 à 40 / ;St Malo
CAP INFO 98;Grand Cargo;48N40,000;4W54,999;ED 50;;
CAP INFO 98;Vapeur;48N40,000;5W07,999;ED 50;;
LIVRE ST MALO;TIMAC;48N40,010;2W05,290;ED 50;25 / ;St Malo
CAP INFO 98;PLOUGASNOU;48N40,119;3W51,482;ED 50;;
OCEANS;SAINT KILDA;48N40,128;2W37,362;WGS 84;;
LIVRE ST MALO;M 4600;48N40,188;2W08,142;ED 50;;
CAP INFO 98;Grand Cargo;48N40,259;4W55,107;ED 50;;
LIVRE ST MALO;SKELDON;48N40,403;2W05,539;ED 50;0 à 25 /;
LIVRE ST MALO;FREMUR;48N40,420;2W12,030;ED 50;;St Malo
NARCOSE 29;YSSEL (RO 21);48N40,431;2W05,811;ED 50;;
Bateau;;48N40,470;2W12,030;WGS 84;;St Malo
LIVRE ST MALO;RO 21;48N40,486;2W05,722;ED 50;;
LIVRE ST MALO;HILDA;48N40,490;2W05,720;ED 50;0 à 25 / ;St Malo
CAP INFO 98;T;48N40,499;4W23,100;ED 50;;
CAP INFO 98;BAINBRIDGE;48N40,810;4W26,787;ED 50;;
CAP INFO 98;PAULINE LOUISA;48N40,927;4W38,893;ED 50;;
CAP INFO 98;U 767;48N40,950;4W57,159;ED 50;;
CAP INFO 98;Vapeur;48N40,978;4W51,285;ED 50;;
NARCOSE 29;FETLAR;48N41,000;2W04,280;ED 50;;St Malo
Bateau;FETLAR;48N41,060;2W04,350;WGS 84;;St Malo
LIVRE ST MALO;FETLAR;48N41,111;2W04,232;ED 50;26 / ;St Malo
CERES;FETLAR;48N41,122;2W04,202;WGS 84;;St Malo
Internet Perso;FETLAR;48N41,122;2W04,202;WGS 84;;St Malo
CAP INFO 98;EP;48N41,798;5W48,488;ED 50;;
CAP INFO 98;GOELAND II;48N42,000;4W33,000;ED 50;;
ANGLAIS 98;UB 36;48N42,000;5W14,000;;;
CAP INFO 98;EP;48N42,132;5W08,211;ED 50;;
CAP INFO 98;NONNY;48N42,190;4W08,141;ED 50;;
CERES;ATHABASKAN;48N42,940;4W31,485;WGS 84;;
NARCOSE 29;ATHABASKAN;48N43,000;3W59,918;ED 50;;
CAP INFO 98;ATHABASCAN;48N43,000;4W31,399;ED 50;;
CAP INFO 98;Vapeur;48N43,000;5W01,999;ED 50;;
CAP INFO 98;ABOUKIR BAY;48N43,849;3W52,949;ED 50;;
CAP INFO 98;LIOU AN AMZER II;48N43,850;3W47,149;ED 50;;
NARCOSE 29;ABOUKIR BAY;48N43,852;3W52,947;ED 50;;
CAP INFO 98;Goélette;48N44,000;4W43,999;ED 50;;
CAP INFO 98;épave;48N44,110;4W36,837;ED 50;;
CAP INFO 98;Grand Cargo;48N44,200;4W49,800;ED 50;;
CAP INFO 98;EP;48N44,642;5W19,860;ED 50;;
CAP INFO 98;AZALEE;48N44,650;3W34,282;ED 50;;
CAP INFO 98;cargo;48N44,991;4W25,934;ED 50;;
CAP INFO 98;ALIT;48N45,000;4W20,000;ED 50;;
CAP INFO 98;THERESE & MARIE;48N45,000;4W24,999;ED 50;;
CAP INFO 98;Grand Cargo;48N45,000;4W54,999;ED 50;;
CAP INFO 98;Z 32;48N45,430;4W01,460;ED 50;;
CAP INFO 98;NYMPHE DE GRANVILLE;48N45,517;3W50,386;ED 50; ;
NARCOSE 29;HINRICH HEY (V 209);48N45,582;2W01,938;ED 50;;
CERES;HINRICH HEY;48N45,639;2W01,856;WGS 84;;
Internet Perso;WALTHER DARRE;48N45,639;2W01,856;WGS 84;38 / ;St Malo
NARCOSE 29;WALTHER DARRE (V 208);48N45,691;2W02,010;ED 50;;
Bateau;WALTER DARRE;48N45,700;2W01,990;WGS 84;;St Malo
LIVRE ST MALO;HINRICH HEY;48N45,710;2W01,790;ED 50;36 / ;St Malo
LIVRE ST MALO;WALTER DARRE;48N45,730;2W01,730;ED 50;;St Malo
CERES;WALTER DARRE;48N45,808;2W02,097;WGS 84;;St Malo
CAP INFO 98;Vapeur;48N45,999;4W54,999;ED 50;;
NARCOSE 29;ENOS;48N46,000;2W49,000;ED 50;;
CAP INFO 98;Chalutier;48N46,169;4W13,379;ED 50;;
CAP INFO 98;Goélette;48N46,706;4W35,219;ED 50;;
CAP INFO 98;Grand Cargo;48N46,900;4W51,899;ED 50;;
CAP INFO 98;épave;48N47,771;5W06,725;ED 50;;
OCEANS;LUDWIG JANSSEN (M 4623);48N47,916;3W05,680;WGS 84;;
CAP INFO 98;Grand Cargo;48N48,999;5W12,500;ED 50;;
CAP INFO 98;OBS;48N49,500;5W11,999;ED 50;;
CAP INFO 98;HENRI JAIME;48N49,999;3W46,999;ED 50;;
CAP INFO 98;Voilier;48N49,999;5W05,000;ED 50;;
CAP INFO 98;caboteur;48N50,658;3W55,750;ED 50;;
CAP INFO 98;chaland;48N51,148;4W12,688;ED 50;;
CAP INFO 98;caboteur;48N51,200;3W43,955;ED 50;;
CAP INFO 98;chaland;48N51,292;4W09,540;ED 50;;
CERES;PERE EMILE;48N51,961;2W43,590;WGS 84;;
CAP INFO 98;OSWALD;48N51,979;3W59,700;ED 50;;
CAP INFO 98;Caboteur;48N51,999;4W33,999;ED 50;;
CAP INFO 98;langoustier;48N52,145;3W37,560;ED 50;;
CAP INFO 98;ANNE MARIE;48N52,500;3W30,999;ED 50;;
CAP INFO 98;Cargo;48N52,684;4W33,828;ED 50;;
CAP INFO 98;chaland;48N52,713;4W05,972;ED 50;;
Internet Forum;UNION;48N52,875;1W40,913;;;
WRECK.FR;T 29;48N53,220; 3W18,696;WGS 84;55;Port Blanc
NARCOSE 29;TORPILLEUR 29;48N53,285;3W18,617;ED 50;;
CAP INFO 98;Vapeur;48N54,000;5W07,999;ED 50;;
CAP INFO 98;épave;48N54,134;5W06,413;ED 50;;
CAP INFO 98;langoustier;48N54,442;3W40,142;ED 50;;
CAP INFO 98;Caboteur;48N54,648;3W55,740;ED 50;;
CAP INFO 98;épave;48N54,788;5W06,590;ED 50;;
CAP INFO 98;langoustier;48N54,835;3W39,317;ED 50;;
CAP INFO 98;Destroyer;48N54,859;4W22,317;ED 50;;
CAP INFO 98;Goélette;48N54,924;4W16,286;ED 50;;
CAP INFO 98;Chalutier;48N55,000;4W50,000;ED 50;;
CAP INFO 98;Vapeur;48N55,000;5W07,999;ED 50;;
CAP INFO 98;langoustier;48N55,100;3W40,912;ED 50;;
CAP INFO 98;cargo;48N55,187;3W55,720;ED 50;;
CAP INFO 98;épave;48N55,917;4W31,421;ED 50;;
OCEANS;GEORGIOS B;48N55,964;3W12,635;WGS 84;;
CAP INFO 98;MOROE;48N55,994;4W01,723;ED 50;;
CAP INFO 98;OBS;48N56,000;5W07,999;ED 50;;
ANGLAIS 98;STANHALL;48N59,000;5W17,000;;;
INTERNET;CHARYBDIS;49N00,480;3W35,860;;;
NARCOSE 29;U 971;49N01,000;5W35,000;ED 50;;
CERES;HMS DURBAN;49N20,805;0W16,002;WGS 84;;
CERES;HMS CATO;49N24,579;0W17,149;WGS 84;;
CERES;DRAGON;49N25,054;0W18,848;WGS 84;;
CERES;EMPIRE BROADSWORD;49N25,361;0W53,054;WGS 84;;
CERES;AMSTERDAM (Ex FORT YALE);49N25,632;0W33,932;WGS 84;;
CERES;HMS LAWFORD;49N25,820;0W23,763;WGS 84;;
CERES;USS TIDE;49N26,070;1W03,770;WGS 84;;
GRIEME;LE LOUISIANE;49N27,016;0E01,900;;;
CERES;SVENNER;49N27,338;1W14,904;WGS 84;;
CERES;3 chars SHERMAN;49N28,429;1W06,579;WGS 84;;
CERES;NORFALK;49N28,744;1W03,852;WGS 84;;
OCEANS;GENERAL METZINGER;49N32,484;0W01,898;ED 50;;
CERES;HMS BRITOMART;49N40,294;0W06,775;WGS 84;;
OCEANS;TOKOMARU;49N40,909;0W01,258;ED 50;;
FORUM EPAVES;CAMPEADOR;49N42,705;1W44,706;WGS 84 (?);;
Internet Perso;ECE;49N43,682;3W15,186;;;
OCEANS;VIKING 7 (VP 1501);49N44,980;0E11,410;ED 50;;
CERES;ALABAMA (Ep Bois);49N45,147;1W41,708;WGS 84;;
Internet Perso;LEOPOLDVILLE;49N45,200;1W36,618;ED 50;;
Internet Perso;LEOPOLDVILLE;49N45,244;1W36,534;;;
INTERNET;PROMETHEE;49N48,316;1W26,421;;;
INERNET;AFFRAY;49N50,200;2W34,700;;;
CERES;DUNGRANGE;49N54,897;0W27,453;WGS 84;;
ANGLAIS 98;JOHN R PARK;49N56,000;5W26,000;;;
FORUM EPAVES;WARILDA;50N06,114;0W10,376;? (ED50);;
CERES;ASHMUN J CLOUGH;50N09,941;1W41,588;WGS 84;;
CERES;HMS BLACKWOOD;50N12,534;2W14,437;WGS 84;;
CERES;ALDERSHORT;50N16,589;3W27,942;WGS 84;;
CERES;HMS BOADICEA;50N25,638;2W45,866;ED 50;;
CERES;ALBERT C. FIELD;50N28,246;1W45,353;WGS 84;;
Internet Perso;KYARRA;50N30,534;1W56,610;ED 50;;
CERES;AEOLIAN SKY;50N30,630;2W08,312;WGS 84;;
CERES;ALAUNIA;50N41,106;0E27,636;WGS 84;;
DKEPAVES;BRIGHTON;51N03,070;2E10,590;WGS 84;;
DKEPAVES;ADROIT;51N03,420;2E23,200;WGS 84;;
DKEPAVES;ST FAGAN;51N03,510;2E10,480;WGS 84;;
DKEPAVES;CRESTED EAGLE;51N04,560;2E29,461;WGS 84;;
DKEPAVES;WOLF;51N07,402;2E29,889;WGS 84;;
DKEPAVES;DENIS PAPIN;51N07,420;2E09,150;WGS 84;;
DKEPAVES;BASILISK;51N08,220;2E35,020;WGS 84;;
DKEPAVES;UB 29;51N09,240;1E43,220;WGS 84;;
DKEPAVES;PARIS;51N10,995;2E07,620;WGS 84;;
DKEPAVES;GRACIE FIELDS;51N12,556;2E39,391;WGS 84;;
DKEPAVES;BRUNO HEINEMANN;51N16,250;2E17,150;WGS 84;;
DKEPAVES;ABUKIR;51N18,820;2E18,480;WGS 84;;
DKEPAVES;SIROCO;51N18,950;2E14,130;WGS 84;;
DKEPAVES;GRAFTON;51N24,421;2E49,087;WGS 84;;
CERES;HMS GRAFTON;51N24,470;2E49,170;ED 50;;
CERES;MAGADAPUR;52N11,310;1E42,330;WGS 84;;
LIVRE HÉNAFF;LAKME73;Sables d'Olonne